,Actor_loss,Critic_loss
0,-94.6678695678711,79.21797180175781
