,Objective,Value,Weight
0,power,12261.789906300259,0.675
1,operation_cost,4965.555893067696,0.325
