,Objective,Value,Weight
0,power,12261.577022818201,0.7
1,operation_cost,4965.542277253059,0.30000000000000004
