,Objective,Value,Weight
0,power,12158.882992231538,0.7666666666666666
1,operation_cost,5052.967607836624,0.2333333333333334
