,Objective,Value,Weight
0,power,12116.8522009974,0.9916666666666668
1,operation_cost,5166.495556786893,0.008333333333333305
