,Objective,Value,Weight
0,power,12261.826053638306,0.425
1,operation_cost,4965.558205015276,0.575
