,Objective,Value,Weight
0,power,12158.88299223153,0.8416666666666667
1,operation_cost,5052.967607836619,0.15833333333333333
