,Objective,Value,Weight
0,power,12158.882992231534,0.7916666666666666
1,operation_cost,5052.967607836621,0.20833333333333334
