,Objective,Value,Weight
0,power,12158.882992231502,0.8166666666666667
1,operation_cost,5052.967607836603,0.18333333333333332
