,Objective,Value,Weight
0,power,12261.826053638299,0.3416666666666667
1,operation_cost,4965.55820501527,0.6583333333333333
