,Objective,Value,Weight
0,power,12261.577022818206,0.18333333333333326
1,operation_cost,4965.542277253061,0.8166666666666667
