,Objective,Value,Weight
0,power,12391.134949908892,1.0
1,operation_cost,5321.149093796503,0.0
