,Objective,Value,Weight
0,power,12261.577022818194,0.7083333333333334
1,operation_cost,4965.5422772530555,0.29166666666666663
