,Objective,Value,Weight
0,power,12261.826053638291,0.5666666666666667
1,operation_cost,4965.558205015265,0.43333333333333335
