,Objective,Value,Weight
0,power,12261.826053638319,0.6333333333333333
1,operation_cost,4965.5582050152825,0.3666666666666667
