,Objective,Value,Weight
0,power,12158.882992231553,0.7333333333333333
1,operation_cost,5052.967607836629,0.2666666666666667
