,Objective,Value,Weight
0,power,12261.826053638293,0.6416666666666666
1,operation_cost,4965.558205015267,0.3583333333333334
