,Objective,Value,Weight
0,power,12130.732633503476,0.85
1,operation_cost,5104.874037143062,0.15000000000000002
