,Objective,Value,Weight
0,power,12261.826053638295,0.3583333333333333
1,operation_cost,4965.558205015269,0.6416666666666666
