,Objective,Value,Weight
0,power,12130.73263350343,0.9
1,operation_cost,5104.874037143046,0.09999999999999998
