,Objective,Value,Weight
0,power,12116.852200997433,0.975
1,operation_cost,5166.49555678691,0.025000000000000026
