,Objective,Value,Weight
0,power,12261.826053638322,0.2
1,operation_cost,4965.558205015284,0.8
