,Objective,Value,Weight
0,power,12158.882992231524,0.7833333333333333
1,operation_cost,5052.967607836615,0.21666666666666667
