,Objective,Value,Weight
0,power,12261.826053638315,0.5083333333333333
1,operation_cost,4965.558205015282,0.4916666666666667
