,Objective,Value,Weight
0,power,12261.899309670254,0.10833333333333334
1,operation_cost,4965.56289039783,0.8916666666666666
