,Objective,Value,Weight
0,power,12267.394083620362,0.03333333333333333
1,operation_cost,4965.914330644905,0.9666666666666668
