,Objective,Value,Weight
0,power,12158.88299223153,0.825
1,operation_cost,5052.96760783662,0.17500000000000004
