,Objective,Value,Weight
0,power,12265.127758858105,0.05833333333333333
1,operation_cost,4965.7693787794415,0.9416666666666668
