,Objective,Value,Weight
0,power,12261.826053638313,0.44166666666666665
1,operation_cost,4965.55820501528,0.5583333333333333
