,Objective,Value,Weight
0,power,12265.127758858078,0.025
1,operation_cost,4965.7693787794315,0.975
