,Objective,Value,Weight
0,power,12261.577022818183,0.6833333333333333
1,operation_cost,4965.542277253042,0.31666666666666665
