,Objective,Value,Weight
0,power,12158.882992231505,0.7583333333333333
1,operation_cost,5052.967607836605,0.2416666666666667
