,Objective,Value,Weight
0,power,12261.826053638295,0.5583333333333333
1,operation_cost,4965.55820501528,0.44166666666666665
