,Objective,Value,Weight
0,power,12263.638655538156,0.3
1,operation_cost,4965.674137220198,0.7
