,Objective,Value,Weight
0,power,12261.57702281823,0.325
1,operation_cost,4965.542277253072,0.675
