,Objective,Value,Weight
0,power,12263.638655538127,0.45
1,operation_cost,4965.674137220182,0.55
