,Objective,Value,Weight
0,power,12130.732633503427,0.8583333333333333
1,operation_cost,5104.874037143037,0.14166666666666672
