,Objective,Value,Weight
0,power,12261.650278850104,0.55
1,operation_cost,4965.546962635589,0.45
