,Objective,Value,Weight
0,power,12261.826053638319,0.6583333333333333
1,operation_cost,4965.558205015282,0.3416666666666667
