ss_gv2_demand,ss_hsb_demand,ss_pfa_demand,ss_ser_demand,ss_fir_demand
1800,300,50,0,0
1800,300,60,0,0
376.5137615,200,50,0,0
59.44954128,300,50,0,0
52.8440367,200,50,0,0
59.44954128,200,60,0,0
52.8440367,200,40,0,0
59.44954128,200,50,430,0
2939.449541,300,420,360,0
1800,200,340,340,0
3600,300,370,300,0
5400,200,390,390,0
7200,300,420,360,0
5400,300,430,370,0
7200,200,400,350,0
7200,300,470,370,0
7200,200,470,380,0
7200,300,420,370,0
7200,200,440,360,0
5400,300,410,340,0
7200,400,340,320,0
7200,200,90,20,0
7200,300,80,0,0
3600,300,60,0,0
