,Objective,Value,Weight
0,power,12261.650278850157,0.5333333333333333
1,operation_cost,4965.546962635616,0.4666666666666667
