,Objective,Value,Weight
0,power,12261.826053638331,0.20833333333333331
1,operation_cost,4965.558205015288,0.7916666666666666
