,Objective,Value,Weight
0,power,12261.826053638299,0.39166666666666666
1,operation_cost,4965.55820501527,0.6083333333333334
