,Objective,Value,Weight
0,power,12261.826053638317,0.36666666666666653
1,operation_cost,4965.558205015281,0.6333333333333333
