,Objective,Value,Weight
0,power,12116.85220099744,0.9583333333333334
1,operation_cost,5166.495556786913,0.04166666666666663
