,Objective,Value,Weight
0,power,12261.57702281824,0.14166666666666666
1,operation_cost,4965.542277253076,0.8583333333333334
