,Objective,Value,Weight
0,power,12261.57702281821,0.6166666666666667
1,operation_cost,4965.54227725306,0.3833333333333333
