,Objective,Value,Weight
0,power,12261.577022818206,0.6916666666666667
1,operation_cost,4965.542277253062,0.3083333333333333
