,Objective,Value,Weight
0,power,12261.826053638322,0.05
1,operation_cost,4965.558205015283,0.95
