,Objective,Value,Weight
0,power,12263.638655538147,0.1
1,operation_cost,4965.674137220192,0.9
