,Objective,Value,Weight
0,power,12261.82605363832,0.4
1,operation_cost,4965.558205015278,0.6
