,Objective,Value,Weight
0,power,12261.826053638317,0.6
1,operation_cost,4965.558205015282,0.4
