,Objective,Value,Weight
0,power,12158.882992231533,0.8
1,operation_cost,5052.9676078366165,0.2
