,Objective,Value,Weight
0,power,12116.852200997377,0.9833333333333332
1,operation_cost,5166.495556786894,0.01666666666666672
