,Objective,Value,Weight
0,power,12261.826053638342,0.5916666666666667
1,operation_cost,4965.558205015292,0.4083333333333333
