,Objective,Value,Weight
0,power,12116.852200997433,0.9416666666666668
1,operation_cost,5166.495556786911,0.05833333333333335
