,Objective,Value,Weight
0,power,12263.638655538147,0.225
1,operation_cost,4965.674137220196,0.775
