,Objective,Value,Weight
0,power,12116.852200996913,1.0
1,operation_cost,5166.495556786692,0.0
