,Objective,Value,Weight
0,power,12262.11219315226,0.6666666666666666
1,operation_cost,4965.576506212442,0.33333333333333337
