,Objective,Value,Weight
0,power,12391.134949909538,0.5
1,operation_cost,5321.149093796806,0.5
