,Objective,Value,Weight
0,power,12158.882992231565,0.725
1,operation_cost,5052.967607836628,0.275
