,Objective,Value,Weight
0,power,12261.863162332163,0.375
1,operation_cost,4965.560578450233,0.625
