,Objective,Value,Weight
0,power,12391.134949909629,0.0
1,operation_cost,5321.14909379681,1.0
