,Objective,Value,Weight
0,power,12128.20793203406,0.925
1,operation_cost,5115.3740748452365,0.07500000000000008
