,Objective,Value,Weight
0,power,12130.732633503449,0.9083333333333332
1,operation_cost,5104.874037143051,0.09166666666666667
