,Objective,Value,Weight
0,power,12261.650278850106,0.26666666666666666
1,operation_cost,4965.546962635589,0.7333333333333334
