,Objective,Value,Weight
0,power,12261.826053638297,0.2833333333333333
1,operation_cost,4965.558205015269,0.7166666666666667
