,Objective,Value,Weight
0,power,12261.577022818205,0.06666666666666668
1,operation_cost,4965.542277253062,0.9333333333333332
