,Objective,Value,Weight
0,power,12261.826053638339,0.31666666666666665
1,operation_cost,4965.558205015291,0.6833333333333333
