,Objective,Value,Weight
0,power,12158.882992231536,0.7166666666666667
1,operation_cost,5052.967607836615,0.2833333333333333
