,Objective,Value,Weight
0,power,12116.852200997435,0.95
1,operation_cost,5166.495556786913,0.05000000000000005
