,Objective,Value,Weight
0,power,12261.577022818197,0.65
1,operation_cost,4965.542277253057,0.35
