T_DB,T_WB
298.15,295.6243491
298.15,295.6243491
298.15,295.6243491
297.15,295.225289
296.15,293.6886223
295.15,292.1666562
295.15,291.6006089
296.15,292.5411371
297.15,292.9946443
300.15,295.2428434
300.15,296.4320209
300.15,296.4320209
300.15,296.9399292
300.15,296.9399292
301.15,297.3754439
301.15,297.3754439
300.15,296.9399292
300.15,296.9399292
300.15,296.9399292
300.15,296.9399292
299.15,296.5922101
299.15,296.5922101
299.15,296.5922101
299.15,296.5922101
