,Objective,Value,Weight
0,power,12261.577022818205,0.5833333333333334
1,operation_cost,4965.542277253059,0.4166666666666666
