,Objective,Value,Weight
0,power,12261.650278850193,0.13333333333333333
1,operation_cost,4965.546962635618,0.8666666666666667
