,Objective,Value,Weight
0,power,12265.127758858085,0.008333333333333333
1,operation_cost,4965.769378779435,0.9916666666666668
