,Objective,Value,Weight
0,power,12159.13202305164,0.75
1,operation_cost,5052.983535598838,0.25
