,Objective,Value,Weight
0,power,12261.57702281821,0.11666666666666667
1,operation_cost,4965.542277253057,0.8833333333333333
