,Objective,Value,Weight
0,power,12130.732633503425,0.875
1,operation_cost,5104.874037143037,0.125
