,Objective,Value,Weight
0,power,12159.132023051683,0.8083333333333333
1,operation_cost,5052.983535598855,0.19166666666666665
