,Objective,Value,Weight
0,power,12261.577022818197,0.5166666666666666
1,operation_cost,4965.542277253056,0.4833333333333334
