,Objective,Value,Weight
0,power,12158.882992231505,0.8333333333333334
1,operation_cost,5052.967607836606,0.16666666666666666
