,ss_gv2_demand,ss_hsb_demand,ss_pfa_demand,ss_ser_demand,ss_fir_demand
0,499.1,300.0,50.0,0.0,0.0
1,499.1,300.0,60.0,0.0,0.0
2,104.3988991,200.0,50.0,0.0,0.0
3,16.4840367,300.0,50.0,0.0,0.0
4,14.65247706,200.0,50.0,0.0,0.0
5,16.4840367,200.0,60.0,0.0,0.0
6,14.65247706,200.0,40.0,0.0,0.0
7,16.4840367,200.0,50.0,430.0,0.0
8,815.0440367000001,300.0,420.0,360.0,0.0
9,499.1,200.0,340.0,340.0,0.0
10,998.2,300.0,370.0,300.0,0.0
11,1497.3,200.0,390.0,390.0,0.0
12,1996.4,300.0,420.0,360.0,0.0
13,1497.3,300.0,430.0,370.0,0.0
14,1996.4,200.0,400.0,350.0,0.0
15,1996.4,300.0,470.0,370.0,0.0
16,1996.4,200.0,470.0,380.0,0.0
17,1996.4,300.0,420.0,370.0,0.0
18,1996.4,200.0,440.0,360.0,0.0
19,1497.3,300.0,410.0,340.0,0.0
20,1996.4,400.0,340.0,320.0,0.0
21,1996.4,200.0,90.0,20.0,0.0
22,1996.4,300.0,80.0,0.0,0.0
23,998.2,300.0,60.0,0.0,0.0
