,ss_gv2_demand,ss_hsb_demand,ss_pfa_demand,ss_ser_demand,ss_fir_demand
0,12.32345679,200.0,80.75342466,0.0,0.0
1,20.02561728,200.0,10.0,0.0,0.0
2,16.94475309,200.0,4.6875,0.0,0.0
3,12.32345679,200.0,5.3125,0.0,0.0
4,13.86388889,200.0,80.0,0.0,0.0
5,12.32345679,200.0,4.838709677,0.0,0.0
6,13.86388889,100.0,5.161290323,0.0,0.0
7,12.32345679,200.0,10.0,0.0,0.0
8,254.1712963,200.0,320.0,400.0,0.0
9,116.57810220000002,100.0,270.0,360.0,0.0
10,382.52189780000003,200.0,240.0,360.0,0.0
11,1497.3,200.0,300.0,390.0,0.0
12,1497.3,100.0,370.0,380.0,0.0
13,1497.3,200.0,380.0,390.0,0.0
14,1497.3,100.0,360.0,380.0,0.0
15,998.2,200.0,350.0,380.0,0.0
16,1497.3,100.0,330.0,380.0,0.0
17,1497.3,100.0,360.0,370.0,0.0
18,998.2,200.0,320.0,380.0,0.0
19,1497.3,100.0,270.0,370.0,0.0
20,1497.3,200.0,240.0,350.0,0.0
21,1497.3,200.0,100.0,30.0,0.0
22,998.2,200.0,6.201550387999999,0.0,0.0
23,499.1,200.0,73.79844961,0.0,0.0
