,Total_demand,Required_flow,Ret_temp,Elect_cons,COP,Cooling_load,Tout_cond,Heat_rejected
0,548.0,410.22658895,6.147076539459817,399.8143992004598,1.3654996048820678,545.946404134389,7.978000000000009,1043.6287656238237
1,262.1101197,218.3903135,0.0,0.0,0.0,0.0,0.0,0.0
2,210.38480232999999,218.3903135,0.0,0.0,0.0,0.0,0.0,0.0
3,55.354757584999994,218.3903135,0.0,0.0,0.0,0.0,0.0,0.0
4,50.91003506,218.3903135,0.0,0.0,0.0,0.0,0.0,0.0
5,50.466944743999996,218.3903135,0.0,0.0,0.0,0.0,0.0,0.0
6,36.426540704,218.3903135,0.0,0.0,0.0,0.0,0.0,0.0
7,46.96963102,218.3903135,0.0,0.0,0.0,0.0,0.0,0.0
8,207.1226234,218.3903135,0.0,0.0,0.0,0.0,0.0,0.0
9,135.12948403,218.3903135,0.0,0.0,0.0,0.0,0.0,0.0
10,527.2250613799999,218.3903135,0.0,0.0,0.0,0.0,0.0,0.0
11,327.85488417,218.3903135,0.0,0.0,0.0,0.0,0.0,0.0
12,387.37844916999995,218.3903135,0.0,0.0,0.0,0.0,0.0,0.0
13,1153.7666666700002,628.61690245,6.5760412428938,418.5724030689167,1.8009425206307943,753.8248386494233,11.29600000000005,1293.7176946654313
14,427.92175067999995,218.3903135,0.0,0.0,0.0,0.0,0.0,0.0
15,395.13209548,218.3903135,0.0,0.0,0.0,0.0,0.0,0.0
16,643.76923077,410.22658895,6.347541207011606,411.77663799532985,1.56496930603724,644.4177994058991,10.646000000000015,1165.490146215682
17,1105.17692308,628.61690245,6.5096678226072715,414.20293951976066,1.7422499044418713,721.6450317978451,10.44500000000005,1253.3862812485606
18,609.66666667,410.22658895,6.276157536912089,407.6445235778005,1.4992461243957065,611.1594721051515,9.775000000000034,1124.2305165091216
19,598.0,410.22658895,6.2517368076587045,406.205285890962,1.4766925107015738,599.8403034825751,9.454000000000008,1110.151861757231
20,569.56666667,410.22658895,6.192220001816581,404.9338990021506,1.4050703602040817,568.960619329795,9.436000000000035,1074.6737763192368
21,539.66666667,410.22658895,6.129633161433646,403.64048685465804,1.3323635280618915,537.7958631342917,9.418000000000006,1038.8568149451062
22,1047.1000000000001,628.61690245,6.4303349482240755,405.20275594970605,1.686390762252794,683.3301844729576,8.240000000000009,1201.175059220512
23,257.40980057999997,218.3903135,0.0,0.0,0.0,0.0,0.0,0.0
