,Objective,Value,Weight
0,power,12261.577022818223,0.4083333333333333
1,operation_cost,4965.542277253068,0.5916666666666667
