,Objective,Value,Weight
0,power,12158.882992231562,0.7416666666666667
1,operation_cost,5052.967607836633,0.2583333333333333
