,Objective,Value,Weight
0,power,12261.826053638344,0.3333333333333333
1,operation_cost,4965.558205015292,0.6666666666666667
