,Objective,Value,Weight
0,power,12261.826053638351,0.4666666666666667
1,operation_cost,4965.558205015296,0.5333333333333333
