,Objective,Value,Weight
0,power,12261.577022818194,0.08333333333333333
1,operation_cost,4965.5422772530555,0.9166666666666666
