,Objective,Value,Weight
0,power,12261.826053638324,0.09166666666666666
1,operation_cost,4965.558205015284,0.9083333333333332
