,Objective,Value,Weight
0,power,12261.5770228182,0.2333333333333333
1,operation_cost,4965.542277253059,0.7666666666666666
