,Objective,Value,Weight
0,power,12261.826053638326,0.075
1,operation_cost,4965.558205015285,0.925
