,Objective,Value,Weight
0,power,12261.789906300266,0.19166666666666665
1,operation_cost,4965.555893067699,0.8083333333333333
