,Objective,Value,Weight
0,power,12261.577022818203,0.3083333333333333
1,operation_cost,4965.542277253059,0.6916666666666667
