,Objective,Value,Weight
0,power,12130.732633503449,0.8833333333333333
1,operation_cost,5104.87403714305,0.1166666666666667
