,Objective,Value,Weight
0,power,12263.887686358246,0.275
1,operation_cost,4965.690064982405,0.725
