,Objective,Value,Weight
0,power,12116.85220099741,0.9666666666666668
1,operation_cost,5166.495556786897,0.033333333333333326
