,Objective,Value,Weight
0,power,12261.826053638291,0.625
1,operation_cost,4965.558205015267,0.375
