,Objective,Value,Weight
0,power,12265.127758858087,0.0
1,operation_cost,4965.769378779436,1.0
