,Objective,Value,Weight
0,power,12261.577022818205,0.125
1,operation_cost,4965.542277253061,0.875
