,Objective,Value,Weight
0,power,12261.577022818174,0.525
1,operation_cost,4965.542277253044,0.475
