,Objective,Value,Weight
0,power,12261.577022818197,0.21666666666666667
1,operation_cost,4965.542277253057,0.7833333333333333
