,Objective,Value,Weight
0,power,12261.57702281822,0.5416666666666666
1,operation_cost,4965.542277253066,0.4583333333333334
