,Objective,Value,Weight
0,power,12130.732633503478,0.9166666666666666
1,operation_cost,5104.874037143061,0.08333333333333337
