,Objective,Value,Weight
0,power,12261.577022818748,0.35
1,operation_cost,4965.542277253101,0.65
