,Objective,Value,Weight
0,power,12263.63865553815,0.15
1,operation_cost,4965.674137220196,0.85
