,Objective,Value,Weight
0,power,12130.732633503449,0.8916666666666666
1,operation_cost,5104.874037143049,0.1083333333333334
