,Objective,Value,Weight
0,power,12130.732633503447,0.8666666666666667
1,operation_cost,5104.8740371430495,0.1333333333333333
