,Objective,Value,Weight
0,power,12262.112193152314,0.016666666666666666
1,operation_cost,4965.576506212469,0.9833333333333332
