,Objective,Value,Weight
0,power,12261.826053638328,0.2916666666666667
1,operation_cost,4965.558205015286,0.7083333333333333
