,Objective,Value,Weight
0,power,12261.5770228182,0.5
1,operation_cost,4965.542277253058,0.5
