,Objective,Value,Weight
0,power,12261.577022818203,0.15833333333333333
1,operation_cost,4965.54227725306,0.8416666666666667
