,Objective,Value,Weight
0,power,12261.577022818201,0.4916666666666666
1,operation_cost,4965.542277253059,0.5083333333333333
