,Objective,Value,Weight
0,power,12261.826053638322,0.16666666666666666
1,operation_cost,4965.558205015284,0.8333333333333334
