,Objective,Value,Weight
0,power,12261.650278850133,0.2583333333333333
1,operation_cost,4965.546962635602,0.7416666666666667
