,Objective,Value,Weight
0,power,12261.826053638346,0.4583333333333333
1,operation_cost,4965.558205015293,0.5416666666666667
