,Objective,Value,Weight
0,power,12158.882992231504,0.775
1,operation_cost,5052.967607836603,0.225
