,Objective,Value,Weight
0,power,12116.852200997439,0.9333333333333332
1,operation_cost,5166.49555678691,0.06666666666666665
